EqpID,Event,RecordMan,RecordTime,RecordIndex
014,测试事件,2023/2/11,王大力,1676049801.82514
015,测试事件,2023/2/11,王大力,1676050840.8803
201,测试事件,2023/2/11,王大力,1676127603.86988
202,测试事件,2023/2/11,王大力,1676127674.93767
